"id","title","url"
"0BSD","BSD Zero Clause License","http://landley.net/toybox/license.html"
"Abstyles","Abstyles License","https://fedoraproject.org/wiki/Licensing/Abstyles"
"Adobe-2006","Adobe Systems Incorporated Source Code License Agreement","https://fedoraproject.org/wiki/Licensing/AdobeLicense"
"Adobe-Glyph","Adobe Glyph List License","https://fedoraproject.org/wiki/Licensing/MIT#AdobeGlyph"
"ADSL","Amazon Digital Services License","https://fedoraproject.org/wiki/Licensing/AmazonDigitalServicesLicense"
"AFL-1.1","Academic Free License v1.1","http://wayback.archive.org/web/20021004124254/http://www.opensource.org/licenses/academic.php"
"AFL-1.2","Academic Free License v1.2","http://wayback.archive.org/web/20021204204652/http://www.opensource.org/licenses/academic.php"
"AFL-2.0","Academic Free License v2.0","http://wayback.archive.org/web/20060924134533/http://www.opensource.org/licenses/afl-2.0.txt"
"AFL-2.1","Academic Free License v2.1","http://opensource.linux-mirror.org/licenses/afl-2.1.txt"
"AFL-3.0","Academic Free License v3.0","https://opensource.org/licenses/afl-3.0"
"Afmparse","Afmparse License","https://fedoraproject.org/wiki/Licensing/Afmparse"
"Against-DRM","Against DRM","https://opendefinition.org/licenses/against-drm"
"AGPL-1.0","Affero General Public License v1.0","http://www.affero.org/oagpl.html"
"AGPL-1.0-only","Affero General Public License v1.0 only","http://www.affero.org/oagpl.html"
"AGPL-1.0-or-later","Affero General Public License v1.0 or later","http://www.affero.org/oagpl.html"
"AGPL-3.0-only","GNU Affero General Public License v3.0 only","https://opensource.org/licenses/AGPL-3.0"
"AGPL-3.0-or-later","GNU Affero General Public License v3.0 or later","https://opensource.org/licenses/AGPL-3.0"
"AGPL-3.0","GNU Affero General Public License v3.0","https://opensource.org/licenses/AGPL-3.0"
"Aladdin","Aladdin Free Public License","http://pages.cs.wisc.edu/~ghost/doc/AFPL/6.01/Public.htm"
"AMDPLPA","AMD's plpa_map.c License","https://fedoraproject.org/wiki/Licensing/AMD_plpa_map_License"
"AML","Apple MIT License","https://fedoraproject.org/wiki/Licensing/Apple_MIT_License"
"AMPAS","Academy of Motion Picture Arts and Sciences BSD","https://fedoraproject.org/wiki/Licensing/BSD#AMPASBSD"
"ANTLR-PD","ANTLR Software Rights Notice","http://www.antlr2.org/license.html"
"ANTLR-PD-fallback","ANTLR Software Rights Notice with license fallback","http://www.antlr2.org/license.html"
"Apache-1.0","Apache License 1.0","http://www.apache.org/licenses/LICENSE-1.0"
"Apache-1.1","Apache License 1.1","https://opensource.org/licenses/Apache-1.1"
"Apache-2.0","Apache License 2.0","https://opensource.org/licenses/Apache-2.0"
"APAFML","Adobe Postscript AFM License","https://fedoraproject.org/wiki/Licensing/AdobePostscriptAFM"
"APL-1.0","Adaptive Public License 1.0","https://opensource.org/licenses/APL-1.0"
"APSL-1.0","Apple Public Source License 1.0","https://fedoraproject.org/wiki/Licensing/Apple_Public_Source_License_1.0"
"APSL-1.1","Apple Public Source License 1.1","http://www.opensource.apple.com/source/IOSerialFamily/IOSerialFamily-7/APPLE_LICENSE"
"APSL-1.2","Apple Public Source License 1.2","http://www.samurajdata.se/opensource/mirror/licenses/apsl.php"
"APSL-2.0","Apple Public Source License 2.0","http://www.opensource.apple.com/license/apsl/"
"Artistic-1.0","Artistic License 1.0","https://opensource.org/licenses/Artistic-1.0"
"Artistic-1.0-cl8","Artistic License 1.0 w/clause 8","https://opensource.org/licenses/Artistic-1.0"
"Artistic-1.0-Perl","Artistic License 1.0 (Perl)","http://dev.perl.org/licenses/artistic.html"
"Artistic-2.0","Artistic License 2.0","https://opensource.org/licenses/artistic-license-2.0"
"AAL","Attribution Assurance License","https://opensource.org/licenses/attribution"
"Bahyph","Bahyph License","https://fedoraproject.org/wiki/Licensing/Bahyph"
"Barr","Barr License","https://fedoraproject.org/wiki/Licensing/Barr"
"Beerware","Beerware License","https://people.freebsd.org/~phk/"
"BitTorrent-1.0","BitTorrent Open Source License v1.0","http://sources.gentoo.org/cgi-bin/viewvc.cgi/gentoo-x86/licenses/BitTorrent?r1=1.1&r2=1.1.1.1&diff_format=s"
"BitTorrent-1.1","BitTorrent Open Source License v1.1","http://directory.fsf.org/wiki/License:BitTorrentOSL1.1"
"blessing","SQLite Blessing","https://sqlite.org/src/artifact/df5091916dbb40e6"
"BlueOak-1.0.0","Blue Oak Model License 1.0.0","https://blueoakcouncil.org/license/1.0.0"
"Borceux","Borceux license","https://fedoraproject.org/wiki/Licensing/Borceux"
"BSD-1-Clause","BSD 1-Clause License","https://svnweb.freebsd.org/base/head/include/ifaddrs.h?revision=326823"
"BSD-2-Clause","BSD 2-Clause ""Simplified"" License","https://opensource.org/licenses/BSD-2-Clause"
"BSD-2-Clause-FreeBSD","BSD 2-Clause FreeBSD License","http://www.freebsd.org/copyright/freebsd-license.html"
"BSD-2-Clause-NetBSD","BSD 2-Clause NetBSD License","http://www.netbsd.org/about/redistribution.html#default"
"BSD-2-Clause-Patent","BSD-2-Clause Plus Patent License","https://opensource.org/licenses/BSDplusPatent"
"BSD-2-Clause-Views","BSD 2-Clause with views sentence","https://github.com/protegeproject/protege/blob/master/license.txt"
"BSD-3-Clause","BSD 3-Clause ""New"" or ""Revised"" License","https://opensource.org/licenses/BSD-3-Clause"
"BSD-3-Clause-Attribution","BSD with attribution","https://fedoraproject.org/wiki/Licensing/BSD_with_Attribution"
"BSD-3-Clause-Clear","BSD 3-Clause Clear License","http://labs.metacarta.com/license-explanation.html#license"
"BSD-3-Clause-LBNL","Lawrence Berkeley National Labs BSD variant license","https://fedoraproject.org/wiki/Licensing/LBNLBSD"
"BSD-3-Clause-Modification","BSD 3-Clause Modification","https://fedoraproject.org/wiki/Licensing:BSD#Modification_Variant"
"BSD-3-Clause-No-Military-License","BSD 3-Clause No Military License","https://github.com/greymass/swift-eosio/blob/master/LICENSE"
"BSD-3-Clause-No-Nuclear-License","BSD 3-Clause No Nuclear License","http://download.oracle.com/otn-pub/java/licenses/bsd.txt?AuthParam=1467140197_43d516ce1776bd08a58235a7785be1cc"
"BSD-3-Clause-No-Nuclear-License-2014","BSD 3-Clause No Nuclear License 2014","https://java.net/projects/javaeetutorial/pages/BerkeleyLicense"
"BSD-3-Clause-No-Nuclear-Warranty","BSD 3-Clause No Nuclear Warranty","https://jogamp.org/git/?p=gluegen.git;a=blob_plain;f=LICENSE.txt"
"BSD-3-Clause-Open-MPI","BSD 3-Clause Open MPI variant","http://www.netlib.org/lapack/LICENSE.txt"
"BSD-4-Clause","BSD 4-Clause ""Original"" or ""Old"" License","http://directory.fsf.org/wiki/License:BSD_4Clause"
"BSD-4-Clause-Shortened","BSD 4 Clause Shortened","https://metadata.ftp-master.debian.org/changelogs//main/a/arpwatch/arpwatch_2.1a15-7_copyright"
"BSD-4-Clause-UC","BSD-4-Clause (University of California-Specific)","http://www.freebsd.org/copyright/license.html"
"BSD-Protection","BSD Protection License","https://fedoraproject.org/wiki/Licensing/BSD_Protection_License"
"BSD-Source-Code","BSD Source Code Attribution","https://github.com/robbiehanson/CocoaHTTPServer/blob/master/LICENSE.txt"
"BSL-1.0","Boost Software License 1.0","https://opensource.org/licenses/BSL-1.0"
"BUSL-1.1","Business Source License 1.1","https://mariadb.com/bsl11/"
"bzip2-1.0.5","bzip2 and libbzip2 License v1.0.5","http://bzip.org/1.0.5/bzip2-manual-1.0.5.html"
"bzip2-1.0.6","bzip2 and libbzip2 License v1.0.6","http://bzip.org/1.0.5/bzip2-manual-1.0.5.html"
"CAL-1.0","Cryptographic Autonomy License 1.0","https://opensource.org/licenses/CAL-1.0"
"CAL-1.0-Combined-Work-Exception","Cryptographic Autonomy License 1.0 (Combined Work Exception)","https://opensource.org/licenses/CAL-1.0"
"Caldera","Caldera License","http://www.lemis.com/grog/UNIX/ancient-source-all.pdf"
"CATOSL-1.1","Computer Associates Trusted Open Source License 1.1","https://opensource.org/licenses/CATOSL-1.1"
"CC-BY-1.0","Creative Commons Attribution 1.0 Generic","https://creativecommons.org/licenses/by/1.0/legalcode"
"CC-BY-2.0","Creative Commons Attribution 2.0 Generic","https://creativecommons.org/licenses/by/2.0/legalcode"
"CC-BY-2.5","Creative Commons Attribution 2.5 Generic","https://creativecommons.org/licenses/by/2.5/legalcode"
"CC-BY-2.5-AU","Creative Commons Attribution 2.5 Australia","https://creativecommons.org/licenses/by/2.5/au/legalcode"
"CC-BY-3.0","Creative Commons Attribution 3.0 Unported","https://creativecommons.org/licenses/by/3.0/legalcode"
"CC-BY-3.0-AT","Creative Commons Attribution 3.0 Austria","https://creativecommons.org/licenses/by/3.0/at/legalcode"
"CC-BY-3.0-DE","Creative Commons Attribution 3.0 Germany","https://creativecommons.org/licenses/by/3.0/de/legalcode"
"CC-BY-3.0-NL","Creative Commons Attribution 3.0 Netherlands","https://creativecommons.org/licenses/by/3.0/nl/legalcode"
"CC-BY-3.0-US","Creative Commons Attribution 3.0 United States","https://creativecommons.org/licenses/by/3.0/us/legalcode"
"CC-BY-4.0","Creative Commons Attribution 4.0 International","https://creativecommons.org/licenses/by/4.0/legalcode"
"CC-BY-NC-1.0","Creative Commons Attribution Non Commercial 1.0 Generic","https://creativecommons.org/licenses/by-nc/1.0/legalcode"
"CC-BY-NC-2.0","Creative Commons Attribution Non Commercial 2.0 Generic","https://creativecommons.org/licenses/by-nc/2.0/legalcode"
"CC-BY-NC-2.5","Creative Commons Attribution Non Commercial 2.5 Generic","https://creativecommons.org/licenses/by-nc/2.5/legalcode"
"CC-BY-NC-3.0","Creative Commons Attribution Non Commercial 3.0 Unported","https://creativecommons.org/licenses/by-nc/3.0/legalcode"
"CC-BY-NC-3.0-DE","Creative Commons Attribution Non Commercial 3.0 Germany","https://creativecommons.org/licenses/by-nc/3.0/de/legalcode"
"CC-BY-NC-4.0","Creative Commons Attribution Non Commercial 4.0 International","https://creativecommons.org/licenses/by-nc/4.0/legalcode"
"CC-BY-NC-ND-1.0","Creative Commons Attribution Non Commercial No Derivatives 1.0 Generic","https://creativecommons.org/licenses/by-nd-nc/1.0/legalcode"
"CC-BY-NC-ND-2.0","Creative Commons Attribution Non Commercial No Derivatives 2.0 Generic","https://creativecommons.org/licenses/by-nc-nd/2.0/legalcode"
"CC-BY-NC-ND-2.5","Creative Commons Attribution Non Commercial No Derivatives 2.5 Generic","https://creativecommons.org/licenses/by-nc-nd/2.5/legalcode"
"CC-BY-NC-ND-3.0","Creative Commons Attribution Non Commercial No Derivatives 3.0 Unported","https://creativecommons.org/licenses/by-nc-nd/3.0/legalcode"
"CC-BY-NC-ND-3.0-DE","Creative Commons Attribution Non Commercial No Derivatives 3.0 Germany","https://creativecommons.org/licenses/by-nc-nd/3.0/de/legalcode"
"CC-BY-NC-ND-3.0-IGO","Creative Commons Attribution Non Commercial No Derivatives 3.0 IGO","https://creativecommons.org/licenses/by-nc-nd/3.0/igo/legalcode"
"CC-BY-NC-ND-4.0","Creative Commons Attribution Non Commercial No Derivatives 4.0 International","https://creativecommons.org/licenses/by-nc-nd/4.0/legalcode"
"CC-BY-NC-SA-1.0","Creative Commons Attribution Non Commercial Share Alike 1.0 Generic","https://creativecommons.org/licenses/by-nc-sa/1.0/legalcode"
"CC-BY-NC-SA-2.0","Creative Commons Attribution Non Commercial Share Alike 2.0 Generic","https://creativecommons.org/licenses/by-nc-sa/2.0/legalcode"
"CC-BY-NC-SA-2.0-FR","Creative Commons Attribution-NonCommercial-ShareAlike 2.0 France","https://creativecommons.org/licenses/by-nc-sa/2.0/fr/legalcode"
"CC-BY-NC-SA-2.0-UK","Creative Commons Attribution Non Commercial Share Alike 2.0 England and Wales","https://creativecommons.org/licenses/by-nc-sa/2.0/uk/legalcode"
"CC-BY-NC-SA-2.5","Creative Commons Attribution Non Commercial Share Alike 2.5 Generic","https://creativecommons.org/licenses/by-nc-sa/2.5/legalcode"
"CC-BY-NC-SA-3.0","Creative Commons Attribution Non Commercial Share Alike 3.0 Unported","https://creativecommons.org/licenses/by-nc-sa/3.0/legalcode"
"CC-BY-NC-SA-3.0-DE","Creative Commons Attribution Non Commercial Share Alike 3.0 Germany","https://creativecommons.org/licenses/by-nc-sa/3.0/de/legalcode"
"CC-BY-NC-SA-3.0-IGO","Creative Commons Attribution Non Commercial Share Alike 3.0 IGO","https://creativecommons.org/licenses/by-nc-sa/3.0/igo/legalcode"
"CC-BY-NC-SA-4.0","Creative Commons Attribution Non Commercial Share Alike 4.0 International","https://creativecommons.org/licenses/by-nc-sa/4.0/legalcode"
"CC-BY-ND-1.0","Creative Commons Attribution No Derivatives 1.0 Generic","https://creativecommons.org/licenses/by-nd/1.0/legalcode"
"CC-BY-ND-2.0","Creative Commons Attribution No Derivatives 2.0 Generic","https://creativecommons.org/licenses/by-nd/2.0/legalcode"
"CC-BY-ND-2.5","Creative Commons Attribution No Derivatives 2.5 Generic","https://creativecommons.org/licenses/by-nd/2.5/legalcode"
"CC-BY-ND-3.0","Creative Commons Attribution No Derivatives 3.0 Unported","https://creativecommons.org/licenses/by-nd/3.0/legalcode"
"CC-BY-ND-3.0-DE","Creative Commons Attribution No Derivatives 3.0 Germany","https://creativecommons.org/licenses/by-nd/3.0/de/legalcode"
"CC-BY-ND-4.0","Creative Commons Attribution No Derivatives 4.0 International","https://creativecommons.org/licenses/by-nd/4.0/legalcode"
"CC-BY-SA-1.0","Creative Commons Attribution Share Alike 1.0 Generic","https://creativecommons.org/licenses/by-sa/1.0/legalcode"
"CC-BY-SA-2.0","Creative Commons Attribution Share Alike 2.0 Generic","https://creativecommons.org/licenses/by-sa/2.0/legalcode"
"CC-BY-SA-2.0-UK","Creative Commons Attribution Share Alike 2.0 England and Wales","https://creativecommons.org/licenses/by-sa/2.0/uk/legalcode"
"CC-BY-SA-2.1-JP","Creative Commons Attribution Share Alike 2.1 Japan","https://creativecommons.org/licenses/by-sa/2.1/jp/legalcode"
"CC-BY-SA-2.5","Creative Commons Attribution Share Alike 2.5 Generic","https://creativecommons.org/licenses/by-sa/2.5/legalcode"
"CC-BY-SA-3.0","Creative Commons Attribution Share Alike 3.0 Unported","https://creativecommons.org/licenses/by-sa/3.0/legalcode"
"CC-BY-SA-3.0-AT","Creative Commons Attribution Share Alike 3.0 Austria","https://creativecommons.org/licenses/by-sa/3.0/at/legalcode"
"CC-BY-SA-3.0-DE","Creative Commons Attribution Share Alike 3.0 Germany","https://creativecommons.org/licenses/by-sa/3.0/de/legalcode"
"CC-BY-SA-4.0","Creative Commons Attribution Share Alike 4.0 International","https://creativecommons.org/licenses/by-sa/4.0/legalcode"
"CC-PDDC","Creative Commons Public Domain Dedication and Certification","https://creativecommons.org/licenses/publicdomain/"
"CC0-1.0","Creative Commons Zero v1.0 Universal","https://creativecommons.org/publicdomain/zero/1.0/legalcode"
"CDDL-1.0","Common Development and Distribution License 1.0","https://opensource.org/licenses/cddl1"
"CDDL-1.1","Common Development and Distribution License 1.1","https://javaee.github.io/glassfish/LICENSE"
"CDL-1.0","Common Documentation License 1.0","https://www.gnu.org/licenses/license-list.html#ACDL"
"CDLA-Permissive-1.0","Community Data License Agreement Permissive 1.0","https://cdla.io/permissive-1-0"
"CDLA-Permissive-2.0","Community Data License Agreement Permissive 2.0","https://cdla.dev/permissive-2-0"
"CDLA-Sharing-1.0","Community Data License Agreement Sharing 1.0","https://cdla.io/sharing-1-0"
"CECILL-1.0","CeCILL Free Software License Agreement v1.0","http://www.cecill.info/licences/Licence_CeCILL_V1-fr.html"
"CECILL-1.1","CeCILL Free Software License Agreement v1.1","http://www.cecill.info/licences/Licence_CeCILL_V1.1-US.html"
"CECILL-2.0","CeCILL Free Software License Agreement v2.0","http://www.cecill.info/licences/Licence_CeCILL_V2-en.html"
"CECILL-2.1","CeCILL Free Software License Agreement v2.1","http://www.cecill.info/licences/Licence_CeCILL_V2.1-en.html"
"CECILL-B","CeCILL-B Free Software License Agreement","http://www.cecill.info/licences/Licence_CeCILL-B_V1-en.html"
"CECILL-C","CeCILL-C Free Software License Agreement","http://www.cecill.info/licences/Licence_CeCILL-C_V1-en.html"
"CERN-OHL-1.1","CERN Open Hardware Licence v1.1","https://www.ohwr.org/project/licenses/wikis/cern-ohl-v1.1"
"CERN-OHL-1.2","CERN Open Hardware Licence v1.2","https://www.ohwr.org/project/licenses/wikis/cern-ohl-v1.2"
"CERN-OHL-P-2.0","CERN Open Hardware Licence Version 2 - Permissive","https://www.ohwr.org/project/cernohl/wikis/Documents/CERN-OHL-version-2"
"CERN-OHL-S-2.0","CERN Open Hardware Licence Version 2 - Strongly Reciprocal","https://www.ohwr.org/project/cernohl/wikis/Documents/CERN-OHL-version-2"
"CERN-OHL-W-2.0","CERN Open Hardware Licence Version 2 - Weakly Reciprocal","https://www.ohwr.org/project/cernohl/wikis/Documents/CERN-OHL-version-2"
"ClArtistic","Clarified Artistic License","http://www.ncftp.com/ncftp/doc/LICENSE.txt"
"CNRI-Jython","CNRI Jython License","http://www.jython.org/license.html"
"CNRI-Python-GPL-Compatible","CNRI Python Open Source GPL Compatible License Agreement","http://www.python.org/download/releases/1.6.1/download_win/"
"Condor-1.1","Condor Public License v1.1","http://web.archive.org/web/20111123062036/http://research.cs.wisc.edu/condor/license.html#condor"
"copyleft-next-0.3.0","copyleft-next 0.3.0","https://github.com/copyleft-next/copyleft-next/blob/master/Releases/copyleft-next-0.3.0"
"copyleft-next-0.3.1","copyleft-next 0.3.1","https://github.com/copyleft-next/copyleft-next/blob/master/Releases/copyleft-next-0.3.1"
"CPAL-1.0","Common Public Attribution License 1.0","https://opensource.org/licenses/CPAL-1.0"
"CPL-1.0","Common Public License 1.0","https://opensource.org/licenses/CPL-1.0"
"CPOL-1.02","Code Project Open License 1.02","http://www.codeproject.com/info/cpol10.aspx"
"Crossword","Crossword License","https://fedoraproject.org/wiki/Licensing/Crossword"
"CrystalStacker","CrystalStacker License","https://fedoraproject.org/wiki/Licensing:CrystalStacker?rd=Licensing/CrystalStacker"
"CUA-OPL-1.0","CUA Office Public License v1.0","https://opensource.org/licenses/CUA-OPL-1.0"
"Cube","Cube License","https://fedoraproject.org/wiki/Licensing/Cube"
"C-UDA-1.0","Computational Use of Data Agreement v1.0","https://cdla.dev/computational-use-of-data-agreement-v1-0/"
"curl","curl License","https://github.com/bagder/curl/blob/master/COPYING"
"D-FSL-1.0","Deutsche Freie Software Lizenz","https://www.hbz-nrw.de/produkte/open-access/lizenzen/dfsl/D-FSL-1_0_en.txt/at_download/file"
"diffmark","diffmark license","https://fedoraproject.org/wiki/Licensing/diffmark"
"dli-model-use","Statistics Canada: Data Liberation Initiative (DLI) - Model Data Use Licence","http://data.library.ubc.ca/datalib/geographic/DMTI/license.html"
"DOC","DOC License","https://www.dre.vanderbilt.edu/~schmidt/ACE-copying.html"
"Dotseqn","Dotseqn License","https://fedoraproject.org/wiki/Licensing/Dotseqn"
"DRL-1.0","Detection Rule License 1.0","https://github.com/Neo23x0/sigma/blob/master/LICENSE.Detection.Rules.md"
"DSDP","DSDP License","https://fedoraproject.org/wiki/Licensing/DSDP"
"DSL","Design Science License","https://opendefinition.org/licenses/dsl"
"dvipdfm","dvipdfm License","https://fedoraproject.org/wiki/Licensing/dvipdfm"
"ECL-1.0","Educational Community License v1.0","https://opensource.org/licenses/ECL-1.0"
"ECL-2.0","Educational Community License v2.0","https://opensource.org/licenses/ECL-2.0"
"eCos-2.0","eCos license version 2.0","https://www.gnu.org/licenses/ecos-license.html"
"EFL-1.0","Eiffel Forum License v1.0","https://opensource.org/licenses/EFL-1.0"
"eGenix","eGenix.com Public License 1.1.0","https://fedoraproject.org/wiki/Licensing/eGenix.com_Public_License_1.1.0"
"Entessa","Entessa Public License v1.0","https://opensource.org/licenses/Entessa"
"EPICS","EPICS Open License","https://epics.anl.gov/license/open.php"
"EPL-1.0","Eclipse Public License 1.0","https://opensource.org/licenses/EPL-1.0"
"EPL-2.0","Eclipse Public License 2.0","https://www.opensource.org/licenses/EPL-2.0"
"ErlPL-1.1","Erlang Public License v1.1","http://www.erlang.org/EPLICENSE"
"etalab-2.0","Etalab Open License 2.0","https://raw.githubusercontent.com/DISIC/politique-de-contribution-open-source/master/LICENSE"
"EUDatagrid","EU DataGrid Software License","https://opensource.org/licenses/EUDatagrid"
"EUPL-1.0","European Union Public License 1.0","http://ec.europa.eu/idabc/servlets/Doc027f.pdf?id=31096"
"EUPL-1.1","European Union Public License 1.1","https://opensource.org/licenses/EUPL-1.1"
"EUPL-1.2","European Union Public License 1.2","https://opensource.org/licenses/EUPL-1.2"
"Eurosym","Eurosym License","https://fedoraproject.org/wiki/Licensing/Eurosym"
"Fair","Fair License","https://opensource.org/licenses/Fair"
"FAL-1.3","Free Art License 1.3","https://opendefinition.org/licenses/fal"
"Frameworx-1.0","Frameworx Open License 1.0","https://opensource.org/licenses/Frameworx-1.0"
"FreeBSD-DOC","FreeBSD Documentation License","https://www.freebsd.org/copyright/freebsd-doc-license/"
"FreeImage","FreeImage Public License v1.0","http://freeimage.sourceforge.net/freeimage-license.txt"
"FSFAP","FSF All Permissive License","https://www.gnu.org/prep/maintain/html_node/License-Notices-for-Other-Files.html"
"FSFUL","FSF Unlimited License","https://fedoraproject.org/wiki/Licensing/FSF_Unlimited_License"
"FSFULLR","FSF Unlimited License (with License Retention)","https://fedoraproject.org/wiki/Licensing/FSF_Unlimited_License#License_Retention_Variant"
"FTL","Freetype Project License","http://gitlab.freedesktop.org/freetype/freetype/-/raw/master/docs/FTL.TXT"
"GD","GD License","https://libgd.github.io/manuals/2.3.0/files/license-txt.html"
"geogratis","Geogratis","http://geogratis.gc.ca/geogratis/licenceGG"
"GFDL-1.1","GNU Free Documentation License v1.1","https://www.gnu.org/licenses/old-licenses/fdl-1.1.txt"
"GFDL-1.1-invariants-only","GNU Free Documentation License v1.1 only - invariants","https://www.gnu.org/licenses/old-licenses/fdl-1.1.txt"
"GFDL-1.1-invariants-or-later","GNU Free Documentation License v1.1 or later - invariants","https://www.gnu.org/licenses/old-licenses/fdl-1.1.txt"
"GFDL-1.1-no-invariants-only","GNU Free Documentation License v1.1 only - no invariants","https://www.gnu.org/licenses/old-licenses/fdl-1.1.txt"
"GFDL-1.1-no-invariants-or-later","GNU Free Documentation License v1.1 or later - no invariants","https://www.gnu.org/licenses/old-licenses/fdl-1.1.txt"
"GFDL-1.1-only","GNU Free Documentation License v1.1 only","https://www.gnu.org/licenses/old-licenses/fdl-1.1.txt"
"GFDL-1.1-or-later","GNU Free Documentation License v1.1 or later","https://www.gnu.org/licenses/old-licenses/fdl-1.1.txt"
"GFDL-1.2","GNU Free Documentation License v1.2","https://www.gnu.org/licenses/old-licenses/fdl-1.2.txt"
"GFDL-1.2-invariants-only","GNU Free Documentation License v1.2 only - invariants","https://www.gnu.org/licenses/old-licenses/fdl-1.2.txt"
"GFDL-1.2-invariants-or-later","GNU Free Documentation License v1.2 or later - invariants","https://www.gnu.org/licenses/old-licenses/fdl-1.2.txt"
"GFDL-1.2-no-invariants-only","GNU Free Documentation License v1.2 only - no invariants","https://www.gnu.org/licenses/old-licenses/fdl-1.2.txt"
"GFDL-1.2-no-invariants-or-later","GNU Free Documentation License v1.2 or later - no invariants","https://www.gnu.org/licenses/old-licenses/fdl-1.2.txt"
"GFDL-1.2-only","GNU Free Documentation License v1.2 only","https://www.gnu.org/licenses/old-licenses/fdl-1.2.txt"
"GFDL-1.2-or-later","GNU Free Documentation License v1.2 or later","https://www.gnu.org/licenses/old-licenses/fdl-1.2.txt"
"GFDL-1.3","GNU Free Documentation License v1.3","https://www.gnu.org/licenses/fdl-1.3.txt"
"GFDL-1.3-invariants-only","GNU Free Documentation License v1.3 only - invariants","https://www.gnu.org/licenses/fdl-1.3.txt"
"GFDL-1.3-invariants-or-later","GNU Free Documentation License v1.3 or later - invariants","https://www.gnu.org/licenses/fdl-1.3.txt"
"GFDL-1.3-no-cover-texts-no-invariant-sections","GNU Free Documentation License 1.3 with no cover texts and no invariant sections","https://opendefinition.org/licenses/gfdl"
"GFDL-1.3-no-invariants-only","GNU Free Documentation License v1.3 only - no invariants","https://www.gnu.org/licenses/fdl-1.3.txt"
"GFDL-1.3-no-invariants-or-later","GNU Free Documentation License v1.3 or later - no invariants","https://www.gnu.org/licenses/fdl-1.3.txt"
"GFDL-1.3-only","GNU Free Documentation License v1.3 only","https://www.gnu.org/licenses/fdl-1.3.txt"
"GFDL-1.3-or-later","GNU Free Documentation License v1.3 or later","https://www.gnu.org/licenses/fdl-1.3.txt"
"Giftware","Giftware License","http://liballeg.org/license.html#allegro-4-the-giftware-license"
"GL2PS","GL2PS License","http://www.geuz.org/gl2ps/COPYING.GL2PS"
"Glide","3dfx Glide License","http://www.users.on.net/~triforce/glidexp/COPYING.txt"
"Glulxe","Glulxe License","https://fedoraproject.org/wiki/Licensing/Glulxe"
"GLWTPL","Good Luck With That Public License","https://github.com/me-shaon/GLWTPL/commit/da5f6bc734095efbacb442c0b31e33a65b9d6e85"
"gnuplot","gnuplot License","https://fedoraproject.org/wiki/Licensing/Gnuplot"
"GPL-1.0","GNU General Public License v1.0 only","https://www.gnu.org/licenses/old-licenses/gpl-1.0-standalone.html"
"GPL-1.0+","GNU General Public License v1.0 or later","https://www.gnu.org/licenses/old-licenses/gpl-1.0-standalone.html"
"GPL-1.0-only","GNU General Public License v1.0 only","https://www.gnu.org/licenses/old-licenses/gpl-1.0-standalone.html"
"GPL-1.0-or-later","GNU General Public License v1.0 or later","https://www.gnu.org/licenses/old-licenses/gpl-1.0-standalone.html"
"GPL-2.0","GNU General Public License v2.0 only","https://opensource.org/licenses/GPL-2.0"
"GPL-2.0+","GNU General Public License v2.0 or later","https://opensource.org/licenses/GPL-2.0"
"GPL-2.0-only","GNU General Public License v2.0 only","https://opensource.org/licenses/GPL-2.0"
"GPL-2.0-or-later","GNU General Public License v2.0 or later","https://opensource.org/licenses/GPL-2.0"
"GPL-2.0-with-autoconf-exception","GNU General Public License v2.0 w/Autoconf exception","http://ac-archive.sourceforge.net/doc/copyright.html"
"GPL-2.0-with-bison-exception","GNU General Public License v2.0 w/Bison exception","http://git.savannah.gnu.org/cgit/bison.git/tree/data/yacc.c?id=193d7c7054ba7197b0789e14965b739162319b5e#n141"
"GPL-2.0-with-classpath-exception","GNU General Public License v2.0 w/Classpath exception","https://www.gnu.org/software/classpath/license.html"
"GPL-2.0-with-font-exception","GNU General Public License v2.0 w/Font exception","https://www.gnu.org/licenses/gpl-faq.html#FontException"
"GPL-2.0-with-GCC-exception","GNU General Public License v2.0 w/GCC Runtime Library exception","https://gcc.gnu.org/git/?p=gcc.git;a=blob;f=gcc/libgcc1.c;h=762f5143fc6eed57b6797c82710f3538aa52b40b;hb=cb143a3ce4fb417c68f5fa2691a1b1b1053dfba9#l10"
"GPL-3.0","GNU General Public License v3.0 only","https://opensource.org/licenses/GPL-3.0"
"GPL-3.0+","GNU General Public License v3.0 or later","https://opensource.org/licenses/GPL-3.0"
"GPL-3.0-only","GNU General Public License v3.0 only","https://opensource.org/licenses/GPL-3.0"
"GPL-3.0-or-later","GNU General Public License v3.0 or later","https://opensource.org/licenses/GPL-3.0"
"GPL-3.0-with-autoconf-exception","GNU General Public License v3.0 w/Autoconf exception","https://www.gnu.org/licenses/autoconf-exception-3.0.html"
"GPL-3.0-with-GCC-exception","GNU General Public License v3.0 w/GCC Runtime Library exception","https://www.gnu.org/licenses/gcc-exception-3.1.html"
"gSOAP-1.3b","gSOAP Public License v1.3b","http://www.cs.fsu.edu/~engelen/license.html"
"HaskellReport","Haskell Language Report License","https://fedoraproject.org/wiki/Licensing/Haskell_Language_Report_License"
"hesa-withrights","Higher Education Statistics Agency Copyright with data.gov.uk rights","https://web.archive.org/web/20131009082944/http://www.hesa.ac.uk/index.php?option=com_content&task=view&id=2619&Itemid=209"
"geo-no-fee-unrestricted","No Fee Unrestricted Use License Agreement For Government Geographic Data (Canada)","http://www4.agr.gc.ca/AAFC-AAC/display-afficher.do?id=1226945498401&lang=eng"
"lucent-plan9","Lucent Public License (Plan9)",""
"jabber-osl","Jabber Open Source License",""
"user-jsim","JSIM Software License","http://www.physiome.org/jsim/download/license.html"
"eurofound","Eurofound license"," http://www.eurofound.europa.eu/legal-and-data-protection-notices "
"cc-nc","Creative Commons Non-Commercial (Any)","http://creativecommons.org/licenses/by-nc/2.0/"
"canada-crown","Canadian Crown Copyright",""
"bsd-license","BSD licenses (New and Simplified)","http://www.opensource.org/licenses/bsd-license.php"
"ODC-PDDL-1.0","Open Data Commons Public Domain Dedication and Licence 1.0","http://www.opendefinition.org/licenses/odc-pddl"
"LO-FR-2.0","Open License 2.0","https://www.etalab.gouv.fr/licence-ouverte-open-licence"
"zenodo-freetoread-1.0","Free for private use; right holder retains other rights, including distribution",""
"Hippocratic-2.1","Hippocratic License 2.1","https://github.com/EthicalSource/hippocratic-license/blob/58c0e646d64ff6fbee275bfe2b9492f914e3ab2a/LICENSE.txt"
"HPND","Historical Permission Notice and Disclaimer","https://opensource.org/licenses/HPND"
"HPND-sell-variant","Historical Permission Notice and Disclaimer - sell variant","https://git.kernel.org/pub/scm/linux/kernel/git/torvalds/linux.git/tree/net/sunrpc/auth_gss/gss_generic_token.c?h=v4.19"
"HTMLTIDY","HTML Tidy License","https://github.com/htacg/tidy-html5/blob/next/README/LICENSE.md"
"IBM-pibs","IBM PowerPC Initialization and Boot Software","http://git.denx.de/?p=u-boot.git;a=blob;f=arch/powerpc/cpu/ppc4xx/miiphy.c;h=297155fdafa064b955e53e9832de93bfb0cfb85b;hb=9fab4bf4cc077c21e43941866f3f2c196f28670d"
"ICU","ICU License","http://source.icu-project.org/repos/icu/icu/trunk/license.html"
"IJG","Independent JPEG Group License","http://dev.w3.org/cvsweb/Amaya/libjpeg/Attic/README?rev=1.2"
"ImageMagick","ImageMagick License","http://www.imagemagick.org/script/license.php"
"iMatix","iMatix Standard Function Library Agreement","http://legacy.imatix.com/html/sfl/sfl4.htm#license"
"Imlib2","Imlib2 License","https://git.enlightenment.org/legacy/imlib2.git/tree/COPYING"
"Info-ZIP","Info-ZIP License","http://www.info-zip.org/license.html"
"Intel-ACPI","Intel ACPI Software License Agreement","https://fedoraproject.org/wiki/Licensing/Intel_ACPI_Software_License_Agreement"
"Intel","Intel Open Source License","https://opensource.org/licenses/Intel"
"Interbase-1.0","Interbase Public License v1.0","https://web.archive.org/web/20060319014854/http://info.borland.com/devsupport/interbase/opensource/IPL.html"
"IPA","IPA Font License","https://opensource.org/licenses/IPA"
"IPL-1.0","IBM Public License v1.0","https://opensource.org/licenses/IPL-1.0"
"ISC","ISC License","https://opensource.org/licenses/ISC"
"JasPer-2.0","JasPer License","http://www.ece.uvic.ca/~mdadams/jasper/LICENSE"
"JPNIC","Japan Network Information Center License","https://gitlab.isc.org/isc-projects/bind9/blob/master/COPYRIGHT#L366"
"JSON","JSON License","http://www.json.org/license.html"
"LAL-1.2","Licence Art Libre 1.2","http://artlibre.org/licence/lal/licence-art-libre-12/"
"LAL-1.3","Licence Art Libre 1.3","https://artlibre.org/"
"Latex2e","Latex2e License","https://fedoraproject.org/wiki/Licensing/Latex2e"
"Leptonica","Leptonica License","https://fedoraproject.org/wiki/Licensing/Leptonica"
"LGPL-2.0","GNU Library General Public License v2 only","https://www.gnu.org/licenses/old-licenses/lgpl-2.0-standalone.html"
"LGPL-2.0+","GNU Library General Public License v2 or later","https://www.gnu.org/licenses/old-licenses/lgpl-2.0-standalone.html"
"LGPL-2.0-only","GNU Library General Public License v2 only","https://www.gnu.org/licenses/old-licenses/lgpl-2.0-standalone.html"
"LGPL-2.0-or-later","GNU Library General Public License v2 or later","https://www.gnu.org/licenses/old-licenses/lgpl-2.0-standalone.html"
"LGPL-2.1","GNU Lesser General Public License v2.1 only","https://opensource.org/licenses/LGPL-2.1"
"LGPL-2.1+","GNU Library General Public License v2.1 or later","https://opensource.org/licenses/LGPL-2.1"
"LGPL-2.1-only","GNU Lesser General Public License v2.1 only","https://opensource.org/licenses/LGPL-2.1"
"LGPL-2.1-or-later","GNU Lesser General Public License v2.1 or later","https://opensource.org/licenses/LGPL-2.1"
"LGPL-3.0","GNU Lesser General Public License v3.0 only","https://opensource.org/licenses/LGPL-3.0"
"LGPL-3.0+","GNU Lesser General Public License v3.0 or later","https://opensource.org/licenses/LGPL-3.0"
"LGPL-3.0-only","GNU Lesser General Public License v3.0 only","https://opensource.org/licenses/LGPL-3.0"
"LGPL-3.0-or-later","GNU Lesser General Public License v3.0 or later","https://opensource.org/licenses/LGPL-3.0"
"LGPLLR","Lesser General Public License For Linguistic Resources","http://www-igm.univ-mlv.fr/~unitex/lgpllr.html"
"Libpng","libpng License","http://www.libpng.org/pub/png/src/libpng-LICENSE.txt"
"libpng-2.0","PNG Reference Library version 2","http://www.libpng.org/pub/png/src/libpng-LICENSE.txt"
"libselinux-1.0","libselinux public domain notice","https://github.com/SELinuxProject/selinux/blob/master/libselinux/LICENSE"
"libtiff","libtiff License","https://fedoraproject.org/wiki/Licensing/libtiff"
"LiLiQ-P-1.1","Licence Libre du Québec – Permissive version 1.1","http://opensource.org/licenses/LiLiQ-P-1.1"
"LiLiQ-R-1.1","Licence Libre du Québec – Réciprocité version 1.1","http://opensource.org/licenses/LiLiQ-R-1.1"
"LiLiQ-Rplus-1.1","Licence Libre du Québec – Réciprocité forte version 1.1","http://opensource.org/licenses/LiLiQ-Rplus-1.1"
"Linux-OpenIB","Linux Kernel Variant of OpenIB.org license","https://git.kernel.org/pub/scm/linux/kernel/git/torvalds/linux.git/tree/drivers/infiniband/core/sa.h"
"localauth-withrights","Local Authority Copyright with data.gov.uk rights",""
"LPL-1.0","Lucent Public License Version 1.0","https://opensource.org/licenses/LPL-1.0"
"LPPL-1.0","LaTeX Project Public License v1.0","http://www.latex-project.org/lppl/lppl-1-0.txt"
"LPPL-1.1","LaTeX Project Public License v1.1","http://www.latex-project.org/lppl/lppl-1-1.txt"
"LPPL-1.2","LaTeX Project Public License v1.2","http://www.latex-project.org/lppl/lppl-1-2.txt"
"LPPL-1.3a","LaTeX Project Public License v1.3a","http://www.latex-project.org/lppl/lppl-1-3a.txt"
"LPPL-1.3c","LaTeX Project Public License v1.3c","https://opensource.org/licenses/LPPL-1.3c"
"LPL-1.02","Lucent Public License v1.02","https://opensource.org/licenses/LPL-1.02"
"MakeIndex","MakeIndex License","https://fedoraproject.org/wiki/Licensing/MakeIndex"
"met-office-cp","Met Office UK Climate Projections Licence Agreement","https://www.metoffice.gov.uk/climatechange/science/monitoring/ukcp09/UKCIP08_license_agreement_130709.pdf"
"MirOS","The MirOS Licence","https://opensource.org/licenses/MirOS"
"MIT-0","MIT No Attribution","https://github.com/awsdocs/aws-cloud9-user-guide/blob/master/LICENSE-SAMPLECODE"
"MIT-advertising","Enlightenment License (e16)","https://fedoraproject.org/wiki/Licensing/MIT_With_Advertising"
"MIT-CMU","CMU License","https://github.com/python-pillow/Pillow/blob/fffb426092c8db24a5f4b6df243a8a3c01fb63cd/LICENSE"
"MIT-enna","enna License","https://fedoraproject.org/wiki/Licensing/MIT#enna"
"MIT-feh","feh License","https://fedoraproject.org/wiki/Licensing/MIT#feh"
"MIT","MIT License","https://opensource.org/licenses/MIT"
"MIT-Modern-Variant","MIT License Modern Variant","https://pirlwww.lpl.arizona.edu/resources/guide/software/PerlTk/Tixlic.html"
"MITNFA","MIT +no-false-attribs license","https://fedoraproject.org/wiki/Licensing/MITNFA"
"MIT-open-group","MIT Open Group variant","https://gitlab.freedesktop.org/xorg/app/xauth/-/blob/master/COPYING"
"mitre","MITRE Collaborative Virtual Workspace License (CVW License)","https://opensource.org/licenses/CVW"
"Motosoto","Motosoto License","https://opensource.org/licenses/Motosoto"
"mpich2","mpich2 License","https://fedoraproject.org/wiki/Licensing/MIT"
"MPL-1.0","Mozilla Public License 1.0","https://opensource.org/licenses/MPL-1.0"
"MPL-1.1","Mozilla Public License 1.1","https://opensource.org/licenses/MPL-1.1"
"MPL-2.0","Mozilla Public License 2.0","https://opensource.org/licenses/MPL-2.0"
"MPL-2.0-no-copyleft-exception","Mozilla Public License 2.0 (no copyleft exception)","https://opensource.org/licenses/MPL-2.0"
"MS-PL","Microsoft Public License","https://opensource.org/licenses/MS-PL"
"MS-RL","Microsoft Reciprocal License","https://opensource.org/licenses/MS-RL"
"MTLL","Matrix Template Library License","https://fedoraproject.org/wiki/Licensing/Matrix_Template_Library_License"
"MulanPSL-1.0","Mulan Permissive Software License, Version 1","https://github.com/yuwenlong/longphp/blob/25dfb70cc2a466dc4bb55ba30901cbce08d164b5/LICENSE"
"MulanPSL-2.0","Mulan Permissive Software License, Version 2","https://license.coscl.org.cn/MulanPSL2/"
"Multics","Multics License","https://opensource.org/licenses/Multics"
"Mup","Mup License","https://fedoraproject.org/wiki/Licensing/Mup"
"NAIST-2003","Nara Institute of Science and Technology License (2003)","https://github.com/nodejs/node/blob/4a19cc8947b1bba2b2d27816ec3d0edf9b28e503/LICENSE#L343"
"NASA-1.3","NASA Open Source Agreement 1.3","https://opensource.org/licenses/NASA-1.3"
"Naumen","Naumen Public License","https://opensource.org/licenses/Naumen"
"NBPL-1.0","Net Boolean Public License v1","http://www.openldap.org/devel/gitweb.cgi?p=openldap.git;a=blob;f=LICENSE;hb=37b4b3f6cc4bf34e1d3dec61e69914b9819d8894"
"NCGL-UK-2.0","Non-Commercial Government Licence","http://www.nationalarchives.gov.uk/doc/non-commercial-government-licence/version/2/"
"NetCDF","NetCDF license","http://www.unidata.ucar.edu/software/netcdf/copyright.html"
"Net-SNMP","Net-SNMP License","http://net-snmp.sourceforge.net/about/license.html"
"Newsletr","Newsletr License","https://fedoraproject.org/wiki/Licensing/Newsletr"
"NGPL","Nethack General Public License","https://opensource.org/licenses/NGPL"
"NIST-PD","NIST Public Domain Notice","https://github.com/tcheneau/Routing/blob/f09f46fcfe636107f22f2c98348188a65a135d98/README.md"
"NIST-PD-fallback","NIST Public Domain Notice with license fallback","https://github.com/usnistgov/fipy/blob/86aaa5c2ba2c6f1be19593c5986071cf6568cc34/LICENSE.rst"
"NLOD-1.0","Norwegian Licence for Open Government Data (NLOD) 1.0","http://data.norge.no/nlod/en/1.0"
"NLOD-2.0","Norwegian Licence for Open Government Data (NLOD) 2.0","http://data.norge.no/nlod/en/2.0"
"NLPL","No Limit Public License","https://fedoraproject.org/wiki/Licensing/NLPL"
"Nokia","Nokia Open Source License","https://opensource.org/licenses/nokia"
"NOSL","Netizen Open Source License","http://bits.netizen.com.au/licenses/NOSL/nosl.txt"
"notspecified","License Not Specified",""
"Noweb","Noweb License","https://fedoraproject.org/wiki/Licensing/Noweb"
"NPL-1.0","Netscape Public License v1.0","http://www.mozilla.org/MPL/NPL/1.0/"
"NPL-1.1","Netscape Public License v1.1","http://www.mozilla.org/MPL/NPL/1.1/"
"NPOSL-3.0","Non-Profit Open Software License 3.0","https://opensource.org/licenses/NOSL3.0"
"NRL","NRL License","http://web.mit.edu/network/isakmp/nrllicense.html"
"NTP-0","NTP No Attribution","https://github.com/tytso/e2fsprogs/blob/master/lib/et/et_name.c"
"NTP","NTP License","https://opensource.org/licenses/NTP"
"Nunit","Nunit License","https://fedoraproject.org/wiki/Licensing/Nunit"
"OCCT-PL","Open CASCADE Technology Public License","http://www.opencascade.com/content/occt-public-license"
"OCLC-2.0","OCLC Research Public License 2.0","https://opensource.org/licenses/OCLC-2.0"
"ODC-By-1.0","Open Data Commons Attribution License v1.0","https://opendatacommons.org/licenses/by/1.0/"
"ODbL-1.0","Open Data Commons Open Database License v1.0","https://opendatacommons.org/licenses/odbl/1-0/"
"OFL-1.0","SIL Open Font License 1.0","http://scripts.sil.org/cms/scripts/page.php?item_id=OFL10_web"
"OFL-1.0-no-RFN","SIL Open Font License 1.0 with no Reserved Font Name","http://scripts.sil.org/cms/scripts/page.php?item_id=OFL10_web"
"OFL-1.0-RFN","SIL Open Font License 1.0 with Reserved Font Name","http://scripts.sil.org/cms/scripts/page.php?item_id=OFL10_web"
"OFL-1.1-no-RFN","SIL Open Font License 1.1 with no Reserved Font Name","https://opensource.org/licenses/OFL-1.1"
"OFL-1.1-RFN","SIL Open Font License 1.1 with Reserved Font Name","https://opensource.org/licenses/OFL-1.1"
"OGC-1.0","OGC Software License, Version 1.0","https://www.ogc.org/ogc/software/1.0"
"OGDL-Taiwan-1.0","Taiwan Open Government Data License, version 1.0","https://data.gov.tw/license"
"OGL-Canada-2.0","Open Government Licence - Canada","https://open.canada.ca/en/open-government-licence-canada"
"OGL-UK-2.0","Open Government Licence v2.0","http://www.nationalarchives.gov.uk/doc/open-government-licence/version/2/"
"OGL-UK-3.0","Open Government Licence v3.0","http://www.nationalarchives.gov.uk/doc/open-government-licence/version/3/"
"OLDAP-1.1","Open LDAP Public License v1.1","http://www.openldap.org/devel/gitweb.cgi?p=openldap.git;a=blob;f=LICENSE;hb=806557a5ad59804ef3a44d5abfbe91d706b0791f"
"OLDAP-1.2","Open LDAP Public License v1.2","http://www.openldap.org/devel/gitweb.cgi?p=openldap.git;a=blob;f=LICENSE;hb=42b0383c50c299977b5893ee695cf4e486fb0dc7"
"OLDAP-1.3","Open LDAP Public License v1.3","http://www.openldap.org/devel/gitweb.cgi?p=openldap.git;a=blob;f=LICENSE;hb=e5f8117f0ce088d0bd7a8e18ddf37eaa40eb09b1"
"OLDAP-1.4","Open LDAP Public License v1.4","http://www.openldap.org/devel/gitweb.cgi?p=openldap.git;a=blob;f=LICENSE;hb=c9f95c2f3f2ffb5e0ae55fe7388af75547660941"
"OLDAP-2.0","Open LDAP Public License v2.0 (or possibly 2.0A and 2.0B)","http://www.openldap.org/devel/gitweb.cgi?p=openldap.git;a=blob;f=LICENSE;hb=cbf50f4e1185a21abd4c0a54d3f4341fe28f36ea"
"OLDAP-2.0.1","Open LDAP Public License v2.0.1","http://www.openldap.org/devel/gitweb.cgi?p=openldap.git;a=blob;f=LICENSE;hb=b6d68acd14e51ca3aab4428bf26522aa74873f0e"
"OLDAP-2.1","Open LDAP Public License v2.1","http://www.openldap.org/devel/gitweb.cgi?p=openldap.git;a=blob;f=LICENSE;hb=b0d176738e96a0d3b9f85cb51e140a86f21be715"
"OLDAP-2.2","Open LDAP Public License v2.2","http://www.openldap.org/devel/gitweb.cgi?p=openldap.git;a=blob;f=LICENSE;hb=470b0c18ec67621c85881b2733057fecf4a1acc3"
"OLDAP-2.2.1","Open LDAP Public License v2.2.1","http://www.openldap.org/devel/gitweb.cgi?p=openldap.git;a=blob;f=LICENSE;hb=4bc786f34b50aa301be6f5600f58a980070f481e"
"OLDAP-2.2.2","Open LDAP Public License 2.2.2","http://www.openldap.org/devel/gitweb.cgi?p=openldap.git;a=blob;f=LICENSE;hb=df2cc1e21eb7c160695f5b7cffd6296c151ba188"
"OLDAP-2.3","Open LDAP Public License v2.3","http://www.openldap.org/devel/gitweb.cgi?p=openldap.git;a=blob;f=LICENSE;hb=d32cf54a32d581ab475d23c810b0a7fbaf8d63c3"
"OLDAP-2.4","Open LDAP Public License v2.4","http://www.openldap.org/devel/gitweb.cgi?p=openldap.git;a=blob;f=LICENSE;hb=cd1284c4a91a8a380d904eee68d1583f989ed386"
"OLDAP-2.5","Open LDAP Public License v2.5","http://www.openldap.org/devel/gitweb.cgi?p=openldap.git;a=blob;f=LICENSE;hb=6852b9d90022e8593c98205413380536b1b5a7cf"
"OLDAP-2.6","Open LDAP Public License v2.6","http://www.openldap.org/devel/gitweb.cgi?p=openldap.git;a=blob;f=LICENSE;hb=1cae062821881f41b73012ba816434897abf4205"
"OLDAP-2.7","Open LDAP Public License v2.7","http://www.openldap.org/devel/gitweb.cgi?p=openldap.git;a=blob;f=LICENSE;hb=47c2415c1df81556eeb39be6cad458ef87c534a2"
"OLDAP-2.8","Open LDAP Public License v2.8","http://www.openldap.org/software/release/license.html"
"OML","Open Market License","https://fedoraproject.org/wiki/Licensing/Open_Market_License"
"OFL-1.1","SIL Open Font License 1.1","https://opensource.org/licenses/OFL-1.1"
"OGTSL","Open Group Test Suite License","https://opensource.org/licenses/OGTSL"
"OpenSSL","OpenSSL License","http://www.openssl.org/source/license.html"
"OPL-1.0","Open Public License v1.0","https://fedoraproject.org/wiki/Licensing/Open_Public_License"
"OPUBL-1.0","Open Publication License v1.0","https://www.ctan.org/license/opl"
"OSET-PL-2.1","OSET Public License version 2.1","https://opensource.org/licenses/OPL-2.1"
"OSL-1.0","Open Software License 1.0","https://opensource.org/licenses/OSL-1.0"
"OSL-1.1","Open Software License 1.1","https://fedoraproject.org/wiki/Licensing/OSL1.1"
"OSL-2.0","Open Software License 2.0","http://web.archive.org/web/20041020171434/http://www.rosenlaw.com/osl2.0.html"
"OSL-2.1","Open Software License 2.1","https://opensource.org/licenses/OSL-2.1"
"OSL-3.0","Open Software License 3.0","https://opensource.org/licenses/OSL-3.0"
"other-at","Other (Attribution)",""
"other-closed","Other (Not Open)",""
"other-nc","Other (Non-Commercial)",""
"other-open","Other (Open)",""
"other-pd","Other (Public Domain)",""
"O-UDA-1.0","Open Use of Data Agreement v1.0","https://cdla.dev/open-use-of-data-agreement-v1-0/"
"Parity-6.0.0","The Parity Public License 6.0.0","https://paritylicense.com/versions/6.0.0.html"
"Parity-7.0.0","The Parity Public License 7.0.0","https://paritylicense.com/versions/7.0.0.html"
"PDDL-1.0","Open Data Commons Public Domain Dedication & License 1.0","https://opendatacommons.org/licenses/pddl/"
"PHP-3.0","PHP License v3.0","https://opensource.org/licenses/PHP-3.0"
"PHP-3.01","PHP License v3.01","http://www.php.net/license/3_01.txt"
"Plexus","Plexus Classworlds License","https://fedoraproject.org/wiki/Licensing/Plexus_Classworlds_License"
"PolyForm-Noncommercial-1.0.0","PolyForm Noncommercial License 1.0.0","https://polyformproject.org/licenses/noncommercial/1.0.0"
"PolyForm-Small-Business-1.0.0","PolyForm Small Business License 1.0.0","https://polyformproject.org/licenses/small-business/1.0.0"
"PostgreSQL","PostgreSQL License","https://opensource.org/licenses/PostgreSQL"
"PSF-2.0","Python Software Foundation License 2.0","https://opensource.org/licenses/Python-2.0"
"psfrag","psfrag License","https://fedoraproject.org/wiki/Licensing/psfrag"
"psutils","psutils License","https://fedoraproject.org/wiki/Licensing/psutils"
"CNRI-Python","CNRI Python License","https://opensource.org/licenses/CNRI-Python"
"Python-2.0","Python License 2.0","https://opensource.org/licenses/Python-2.0"
"Qhull","Qhull License","https://fedoraproject.org/wiki/Licensing/Qhull"
"QPL-1.0","Q Public License 1.0","https://opensource.org/licenses/QPL-1.0"
"Rdisc","Rdisc License","https://fedoraproject.org/wiki/Licensing/Rdisc_License"
"RHeCos-1.1","Red Hat eCos Public License v1.1","http://ecos.sourceware.org/old-license.html"
"RPL-1.1","Reciprocal Public License 1.1","https://opensource.org/licenses/RPL-1.1"
"RPL-1.5","Reciprocal Public License 1.5","https://opensource.org/licenses/RPL-1.5"
"RPSL-1.0","RealNetworks Public Source License v1.0","https://opensource.org/licenses/RPSL-1.0"
"RSA-MD","RSA Message-Digest License","http://www.faqs.org/rfcs/rfc1321.html"
"RSCPL","Ricoh Source Code Public License","https://opensource.org/licenses/RSCPL"
"Ruby","Ruby License","http://www.ruby-lang.org/en/LICENSE.txt"
"Saxpath","Saxpath License","https://fedoraproject.org/wiki/Licensing/Saxpath_License"
"SAX-PD","Sax Public Domain Notice","http://www.saxproject.org/copying.html"
"SCEA","SCEA Shared Source License","http://research.scea.com/scea_shared_source_license.html"
"Sendmail","Sendmail License","https://web.archive.org/web/20160322142305/https://www.sendmail.com/pdfs/open_source/sendmail_license.pdf"
"Sendmail-8.23","Sendmail License 8.23","https://web.archive.org/web/20181003101040/https://www.proofpoint.com/sites/default/files/sendmail-license.pdf"
"SGI-B-1.0","SGI Free Software License B v1.0","http://oss.sgi.com/projects/FreeB/SGIFreeSWLicB.1.0.html"
"SGI-B-1.1","SGI Free Software License B v1.1","http://oss.sgi.com/projects/FreeB/"
"SGI-B-2.0","SGI Free Software License B v2.0","http://oss.sgi.com/projects/FreeB/SGIFreeSWLicB.2.0.pdf"
"SHL-0.5","Solderpad Hardware License v0.5","https://solderpad.org/licenses/SHL-0.5/"
"SHL-0.51","Solderpad Hardware License, Version 0.51","https://solderpad.org/licenses/SHL-0.51/"
"SimPL-2.0","Simple Public License 2.0","https://opensource.org/licenses/SimPL-2.0"
"SISSL-1.2","Sun Industry Standards Source License v1.2","http://gridscheduler.sourceforge.net/Gridengine_SISSL_license.html"
"Sleepycat","Sleepycat License","https://opensource.org/licenses/Sleepycat"
"SMLNJ","Standard ML of New Jersey License","https://www.smlnj.org/license.html"
"SMPPL","Secure Messaging Protocol Public License","https://github.com/dcblake/SMP/blob/master/Documentation/License.txt"
"SNIA","SNIA Public License 1.1","https://fedoraproject.org/wiki/Licensing/SNIA_Public_License"
"Spencer-86","Spencer License 86","https://fedoraproject.org/wiki/Licensing/Henry_Spencer_Reg-Ex_Library_License"
"Spencer-94","Spencer License 94","https://fedoraproject.org/wiki/Licensing/Henry_Spencer_Reg-Ex_Library_License"
"Spencer-99","Spencer License 99","http://www.opensource.apple.com/source/tcl/tcl-5/tcl/generic/regfronts.c"
"SSH-OpenSSH","SSH OpenSSH license","https://github.com/openssh/openssh-portable/blob/1b11ea7c58cd5c59838b5fa574cd456d6047b2d4/LICENCE#L10"
"SSH-short","SSH short notice","https://joinup.ec.europa.eu/svn/lesoll/trunk/italc/lib/src/dsa_key.cpp"
"SSPL-1.0","Server Side Public License, v 1","https://www.mongodb.com/licensing/server-side-public-license"
"StandardML-NJ","Standard ML of New Jersey License","http://www.smlnj.org//license.html"
"SugarCRM-1.1.3","SugarCRM Public License v1.1.3","http://www.sugarcrm.com/crm/SPL"
"SISSL","Sun Industry Standards Source License v1.1","https://opensource.org/licenses/SISSL"
"SPL-1.0","Sun Public License v1.0","https://opensource.org/licenses/SPL-1.0"
"SWL","Scheme Widget Library (SWL) Software License Agreement","https://fedoraproject.org/wiki/Licensing/SWL"
"TAPR-OHL-1.0","TAPR Open Hardware License v1.0","https://www.tapr.org/OHL"
"TCL","TCL/TK License","https://fedoraproject.org/wiki/Licensing/TCL"
"TCP-wrappers","TCP Wrappers License","http://rc.quest.com/topics/openssh/license.php#tcpwrappers"
"TMate","TMate Open Source License","http://svnkit.com/license.html"
"TORQUE-1.1","TORQUE v2.5+ Software License v1.1","https://fedoraproject.org/wiki/Licensing/TORQUEv1.1"
"TOSL","Trusster Open Source License","https://fedoraproject.org/wiki/Licensing/TOSL"
"TU-Berlin-1.0","Technische Universitaet Berlin License 1.0","https://github.com/swh/ladspa/blob/7bf6f3799fdba70fda297c2d8fd9f526803d9680/gsm/COPYRIGHT"
"TU-Berlin-2.0","Technische Universitaet Berlin License 2.0","https://github.com/CorsixTH/deps/blob/fd339a9f526d1d9c9f01ccf39e438a015da50035/licences/libgsm.txt"
"UCL-1.0","Upstream Compatibility License v1.0","https://opensource.org/licenses/UCL-1.0"
"ukclickusepsi","UK Click Use PSI",""
"ukcrown","UK Crown Copyright",""
"ukcrown-withrights","UK Crown Copyright with data.gov.uk rights",""
"OGL-UK-1.0","Open Government Licence v1.0","http://www.nationalarchives.gov.uk/doc/open-government-licence/version/1/"
"ukpsi","UK PSI Public Sector Information","https://opendefinition.org/licenses/ukpsi"
"Unicode-DFS-2015","Unicode License Agreement - Data Files and Software (2015)","https://web.archive.org/web/20151224134844/http://unicode.org/copyright.html"
"Unicode-DFS-2016","Unicode License Agreement - Data Files and Software (2016)","http://www.unicode.org/copyright.html"
"Unicode-TOU","Unicode Terms of Use","http://www.unicode.org/copyright.html"
"Unlicense","The Unlicense","https://unlicense.org/"
"NCSA","University of Illinois/NCSA Open Source License","https://opensource.org/licenses/NCSA"
"UPL-1.0","Universal Permissive License v1.0","https://opensource.org/licenses/UPL"
"EFL-2.0","Eiffel Forum License v2.0","https://opensource.org/licenses/EFL-2.0"
"Vim","Vim License","http://vimdoc.sourceforge.net/htmldoc/uganda.html"
"VOSTROM","VOSTROM Public License for Open Source","https://fedoraproject.org/wiki/Licensing/VOSTROM"
"VSL-1.0","Vovida Software License v1.0","https://opensource.org/licenses/VSL-1.0"
"W3C","W3C Software Notice and License (2002-12-31)","https://opensource.org/licenses/W3C"
"W3C-19980720","W3C Software Notice and License (1998-07-20)","http://www.w3.org/Consortium/Legal/copyright-software-19980720.html"
"W3C-20150513","W3C Software Notice and Document License (2015-05-13)","https://www.w3.org/Consortium/Legal/2015/copyright-software-and-document"
"Watcom-1.0","Sybase Open Watcom Public License 1.0","https://opensource.org/licenses/Watcom-1.0"
"Wsuipa","Wsuipa License","https://fedoraproject.org/wiki/Licensing/Wsuipa"
"WTFPL","Do What The F*ck You Want To Public License","http://sam.zoy.org/wtfpl/COPYING"
"wxWindows","wxWindows Library License","https://opensource.org/licenses/WXwindows"
"X11","X11 License","http://www.xfree86.org/3.3.6/COPYRIGHT2.html#3"
"Xerox","Xerox License","https://fedoraproject.org/wiki/Licensing/Xerox"
"XFree86-1.1","XFree86 License 1.1","http://www.xfree86.org/current/LICENSE4.html"
"xinetd","xinetd License","https://fedoraproject.org/wiki/Licensing/Xinetd_License"
"Xnet","X.Net License","https://opensource.org/licenses/Xnet"
"xpp","XPP License","https://fedoraproject.org/wiki/Licensing/xpp"
"XSkat","XSkat License","https://fedoraproject.org/wiki/Licensing/XSkat_License"
"YPL-1.0","Yahoo! Public License v1.0","http://www.zimbra.com/license/yahoo_public_license_1.0.html"
"YPL-1.1","Yahoo! Public License v1.1","http://www.zimbra.com/license/yahoo_public_license_1.1.html"
"Zed","Zed License","https://fedoraproject.org/wiki/Licensing/Zed"
"Zend-2.0","Zend License v2.0","https://web.archive.org/web/20130517195954/http://www.zend.com/license/2_00.txt"
"Zimbra-1.3","Zimbra Public License v1.3","http://web.archive.org/web/20100302225219/http://www.zimbra.com/license/zimbra-public-license-1-3.html"
"Zimbra-1.4","Zimbra Public License v1.4","http://www.zimbra.com/legal/zimbra-public-license-1-4"
"zlib-acknowledgement","zlib/libpng License with Acknowledgement","https://fedoraproject.org/wiki/Licensing/ZlibWithAcknowledgement"
"Zlib","zlib License","https://opensource.org/licenses/Zlib"
"ZPL-1.1","Zope Public License 1.1","http://old.zope.org/Resources/License/ZPL-1.1"
"ZPL-2.0","Zope Public License 2.0","https://opensource.org/licenses/ZPL-2.0"
"ZPL-2.1","Zope Public License 2.1","http://old.zope.org/Resources/ZPL/"
